region,unique_id,population,men,women,b_00_14,b_15_24,b_25_44,b_45_64,b_65_oo,unmarried,married,divorced,widowed
Appingedam,GM0003,11721,5720,6001,1718,1238,2376,3491,2898,4981,4874,1048,818
Delfzijl,GM0010,24716,12408,12308,3498,2625,4856,7552,6185,10364,10501,2063,1788
Groningen,GM0014,231299,114937,116362,28822,50342,67886,50900,33349,150951,55871,16234,8243
Loppersum,GM0024,9614,4881,4733,1447,1052,1893,3099,2123,4187,4212,708,507
Almere,GM0034,207904,103082,104822,39067,26989,57771,60643,23434,108536,74912,18746,5710
Stadskanaal,GM0037,31789,15730,16059,4531,3488,6326,9514,7930,12890,13863,2602,2434
Veendam,GM0047,27491,13685,13806,4128,3045,5769,8376,6173,11687,11551,2455,1798
Zeewolde,GM0050,22309,11392,10917,3983,3094,5372,7006,2854,10302,9618,1706,683
Achtkarspelen,GM0059,27852,14167,13685,4936,3360,6190,7908,5458,12607,11868,1809,1568
Ameland,GM0060,3673,1819,1854,585,381,848,1031,828,1677,1568,216,212
Harlingen,GM0072,15758,7924,7834,2420,1755,3079,4625,3879,6929,6337,1496,996
Heerenveen,GM0074,50257,24984,25273,8091,5757,10952,14659,10798,23085,20042,4154,2976
Leeuwarden,GM0080,123107,61127,61980,18656,18126,31596,32115,22614,66383,40519,10498,5707
Ooststellingwerf,GM0085,25497,12800,12697,3786,2721,5166,7812,6012,10834,10983,2083,1597
Opsterland,GM0086,29723,14950,14773,4787,3526,5958,9163,6289,13203,12833,2036,1651
Schiermonnikoog,GM0088,936,488,448,103,83,191,300,259,397,390,89,60
Smallingerland,GM0090,55938,27876,28062,9137,6633,12627,15814,11727,25810,22487,4549,3092
Terschelling,GM0093,4890,2551,2339,582,773,1016,1392,1127,2366,1819,413,292
Vlieland,GM0096,1138,581,557,121,156,271,378,212,573,423,92,50
Weststellingwerf,GM0098,25840,12865,12975,3932,2828,5309,7719,6052,11077,11196,1890,1677
Assen,GM0106,67963,33643,34320,11136,7943,15645,19763,13476,31986,26262,6238,3477
Coevorden,GM0109,35483,17703,17780,5246,3919,6931,10946,8441,14643,15948,2533,2359
Emmen,GM0114,107113,53289,53824,15735,12206,22917,32107,24148,46281,44678,9112,7042
Hoogeveen,GM0118,55662,27871,27791,9376,6465,12927,15105,11789,24793,23364,4170,3335
Meppel,GM0119,33564,16376,17188,5654,3835,7951,9482,6642,15297,13643,2867,1757
Almelo,GM0141,72849,36421,36428,11747,8931,17347,20653,14171,33820,28669,6240,4120
Borne,GM0147,23210,11561,11649,4065,2484,5237,6436,4988,10012,10449,1441,1308
Dalfsen,GM0148,28499,14395,14104,4885,3508,5786,8433,5887,12420,13361,1221,1497
Deventer,GM0150,99957,49430,50527,16364,12280,25323,28109,17881,49491,37411,8148,4907
Enschede,GM0153,158986,81148,77838,23818,24864,41286,40962,28056,83391,54382,13065,8148
Haaksbergen,GM0158,24277,12149,12128,3694,2786,4694,7343,5760,10498,10762,1427,1590
Hardenberg,GM0160,60574,30725,29849,10689,7774,13715,17267,11129,27394,26824,3228,3128
Hellendoorn,GM0163,35808,17885,17923,5897,4140,7759,10236,7776,15287,16413,1952,2156
Hengelo,GM0164,80683,40469,40214,12390,9827,19358,22994,16114,38260,31628,6416,4379
Kampen,GM0166,53779,26890,26889,10508,6937,13588,13712,9034,24370,24020,2993,2396
Losser,GM0168,22622,11416,11206,3416,2579,4524,6831,5272,9514,10347,1399,1362
Noordoostpolder,GM0171,46849,23727,23122,8688,5666,11316,13003,8176,21527,20192,3077,2053
Oldenzaal,GM0173,31840,15788,16052,5204,3533,6797,9063,7243,14103,13458,2289,1990
Ommen,GM0175,17813,9002,8811,2957,2023,3723,5202,3908,7709,8081,1039,984
Raalte,GM0177,37511,18853,18658,5913,4428,7593,11505,8072,16718,16769,1923,2101
Staphorst,GM0180,17003,8743,8260,3830,2540,3911,4133,2589,7947,7908,455,693
Tubbergen,GM0183,21276,10868,10408,3494,3044,4336,6377,4025,9629,9630,775,1242
Urk,GM0184,20776,10520,10256,5884,3447,5486,3993,1966,10436,9313,373,654
Wierden,GM0189,24351,12155,12196,4235,2922,5301,6811,5082,10302,11599,1063,1387
Zwolle,GM0193,127497,62794,64703,22674,16340,36063,32575,19845,67482,45413,9475,5127
Aalten,GM0197,27011,13559,13452,4294,3030,5415,8308,5964,11993,11825,1503,1690
Apeldoorn,GM0200,162445,80880,81565,25557,18750,37490,46952,33696,73833,66445,13522,8645
Arnhem,GM0202,159267,79574,79693,25198,21175,46693,42081,24120,90347,48140,14527,6253
Barneveld,GM0203,57971,28917,29054,12428,7976,13728,14352,9487,26243,26562,2587,2579
Beuningen,GM0209,25882,12924,12958,3907,2976,5574,8471,4954,11296,11413,1917,1256
Brummen,GM0213,20698,10248,10450,2807,2315,3893,6490,5193,8238,9757,1394,1309
Buren,GM0214,26576,13318,13258,4181,3063,5469,8568,5295,11088,12368,1709,1411
Culemborg,GM0216,28555,14147,14408,4807,3444,6502,8656,5146,13306,11556,2320,1373
Doesburg,GM0221,11148,5458,5690,1442,1256,2052,3598,2800,4427,4885,1137,699
Doetinchem,GM0222,57555,28558,28997,8927,6682,12931,17083,11932,26606,23236,4571,3142
Druten,GM0225,18797,9373,9424,2937,2236,4110,5943,3571,8617,7968,1321,891
Duiven,GM0226,25332,12516,12816,3792,3242,5070,8576,4652,10640,11437,2030,1225
Ede,GM0228,115710,57175,58535,20778,15647,27651,30597,21037,52694,50231,7320,5465
Elburg,GM0230,23086,11516,11570,4291,2841,5225,6224,4505,9577,11124,1271,1114
Epe,GM0232,33145,16489,16656,4891,3740,6508,9761,8245,13194,15573,2231,2147
Ermelo,GM0233,26858,13337,13521,4132,3274,5533,7698,6221,11414,12038,1905,1501
Harderwijk,GM0243,47581,23510,24071,8523,5587,11823,13003,8645,21383,20182,3727,2289
Hattem,GM0244,12173,6052,6121,2127,1382,2520,3443,2701,4979,5824,674,696
Heerde,GM0246,18546,9149,9397,2994,2023,3672,5522,4335,7083,9331,1013,1119
Heumen,GM0252,16486,8179,8307,2414,1947,2945,5264,3916,6949,7397,1222,918
Lochem,GM0262,33590,16568,17022,4726,3451,5617,10499,9297,13360,15685,2240,2305
Maasdriel,GM0263,24693,12537,12156,3970,2841,5591,7679,4612,11041,10686,1614,1352
Nijkerk,GM0267,42943,21387,21556,7939,5211,9933,11865,7995,18559,19724,2600,2060
Nijmegen,GM0268,176731,85582,91149,24235,31372,50501,42798,27825,106856,48906,14200,6769
Oldebroek,GM0269,23598,11864,11734,4310,2891,5383,6652,4362,9642,11789,995,1172
Putten,GM0273,24198,11992,12206,4207,3024,5286,6711,4970,9849,11660,1357,1332
Renkum,GM0274,31300,15292,16008,4498,2896,5496,9710,8700,13051,13387,2716,2146
Rheden,GM0275,43640,21325,22315,6141,4748,8785,12605,11361,18901,17632,3919,3188
Rozendaal,GM0277,1654,815,839,300,172,238,522,422,657,846,65,86
Scherpenzeel,GM0279,9873,4890,4983,1941,1289,2333,2446,1864,4348,4523,487,515
Tiel,GM0281,41978,20914,21064,6584,5433,10322,12204,7435,19467,16875,3602,2034
Voorst,GM0285,24417,12184,12233,3823,2712,4654,7520,5708,10628,11004,1378,1407
Wageningen,GM0289,38774,18668,20106,4827,8744,10318,8636,6249,23150,11627,2313,1684
Westervoort,GM0293,14944,7351,7593,2236,1591,3380,4855,2882,6341,6445,1407,751
Winterswijk,GM0294,28903,14442,14461,4247,3383,5958,8676,6639,12729,12370,1953,1851
Wijchen,GM0296,40951,20264,20687,6357,4773,8610,12720,8491,17944,17754,3132,2121
Zaltbommel,GM0297,28451,14335,14116,5233,3765,6536,7811,5106,12853,12545,1730,1323
Zevenaar,GM0299,43488,21425,22063,6313,4590,9250,12912,10423,18316,18866,3535,2771
Zutphen,GM0301,47609,23365,24244,7329,5520,10161,14356,10243,22068,18283,4801,2457
Nunspeet,GM0302,27481,13599,13882,5043,3498,6017,7354,5569,11521,12974,1493,1493
Dronten,GM0303,40815,20469,20346,6848,5536,9345,11820,7266,18045,18117,2926,1727
Amersfoort,GM0307,156286,77037,79249,28919,18740,41680,43969,22978,79232,58444,12550,6060
Baarn,GM0308,24767,11985,12782,3933,2468,5204,7387,5775,11412,9579,2219,1557
De Bilt,GM0310,42825,20559,22266,7215,4603,8260,12553,10194,19620,17129,3313,2763
Bunnik,GM0312,15192,7518,7674,2742,1603,3010,4473,3364,6885,6614,886,807
Bunschoten,GM0313,21576,10764,10812,4187,2812,5647,5409,3521,9095,10593,1008,880
Eemnes,GM0317,9113,4501,4612,1477,1108,1767,2912,1849,4054,3862,812,385
Houten,GM0321,49911,24570,25341,9770,5904,11419,15676,7142,23802,21191,3128,1790
Leusden,GM0327,30030,14723,15307,5001,3308,6164,9109,6448,12826,13462,2218,1524
Lopik,GM0331,14473,7336,7137,2460,2089,3088,4379,2457,6755,6294,803,621
Montfoort,GM0335,13996,7029,6967,2480,1813,3043,3977,2683,6531,6046,834,585
Renswoude,GM0339,5259,2625,2634,1133,689,1319,1317,801,2368,2458,237,196
Rhenen,GM0340,20004,9944,10060,3543,2395,4322,5524,4220,8661,9003,1246,1094
Soest,GM0342,46194,22552,23642,7507,5273,9523,13502,10389,20359,19412,3751,2672
Utrecht,GM0344,352866,172857,180009,60061,53781,127867,74570,36587,228270,93956,20938,9702
Veenendaal,GM0345,65589,32351,33238,12130,8292,16212,17259,11696,29175,28801,4488,3125
Woudenberg,GM0351,13166,6614,6552,2597,1641,2979,3489,2460,5803,6006,696,661
Wijk bij Duurstede,GM0352,23762,11725,12037,3862,2786,4882,7643,4589,10281,10607,1793,1081
IJsselstein,GM0353,34160,16596,17564,5914,4299,7619,10412,5916,16064,13783,2810,1503
Zeist,GM0355,63933,31091,32842,11250,7607,14444,17301,13331,31703,23718,5123,3389
Nieuwegein,GM0356,63036,31308,31728,9689,6859,16302,17605,12581,29447,25391,5407,2791
Aalsmeer,GM0358,31728,15694,16034,5722,3679,7073,9424,5830,15052,13060,2097,1519
Alkmaar,GM0361,108558,53695,54863,16940,11838,27921,30944,20915,53624,39474,10373,5087
Amstelveen,GM0362,90837,43650,47187,15912,10655,23629,23240,17401,45244,34661,6438,4494
Amsterdam,GM0363,862965,427787,435178,125602,108487,311068,209828,107980,555066,210221,74090,23588
Beemster,GM0370,9748,4849,4899,1630,1098,2132,2930,1958,4524,4173,580,471
Bergen (NH.),GM0373,29974,14467,15507,3611,3221,4219,9349,9574,12113,12916,2739,2206
Beverwijk,GM0375,41176,20582,20594,6579,4626,10812,11703,7456,19911,15306,3842,2117
Blaricum,GM0376,11200,5454,5746,2006,1048,2271,3056,2819,4747,4943,930,580
Bloemendaal,GM0377,23410,11321,12089,4170,2514,3541,7016,6169,10291,10055,1675,1389
Castricum,GM0383,35772,17634,18138,5212,4218,6831,10719,8792,15755,15354,2539,2124
Diemen,GM0384,29196,14263,14933,4403,4669,8240,7299,4585,16567,9334,2199,1096
Edam-Volendam,GM0385,36099,18039,18060,5793,4577,7834,10396,7499,15960,16348,2043,1748
Enkhuizen,GM0388,18507,9285,9222,2932,1972,4376,5237,3990,8308,7485,1745,969
Haarlem,GM0392,161263,78999,82264,27238,16520,47121,42915,27469,88455,51744,13922,7142
Haarlemmermeer,GM0394,154238,76758,77480,26665,19194,36064,46571,25744,73577,62938,11553,6170
Heemskerk,GM0396,39164,19169,19995,5861,4522,8548,11642,8591,17063,16330,3408,2363
Heemstede,GM0397,27286,12900,14386,4826,2562,4875,7751,7272,12195,11038,2216,1837
Heerhugowaard,GM0398,56742,28677,28065,10351,6827,14452,15180,9932,27303,22890,4321,2228
Heiloo,GM0399,23464,11585,11879,3538,2559,4099,7049,6219,10035,10200,1716,1513
Den Helder,GM0400,55604,27481,28123,8044,5970,12485,16590,12515,24156,22313,5840,3295
Hilversum,GM0402,90238,44280,45958,15291,9778,23577,24470,17122,45975,32045,7667,4551
Hoorn,GM0405,73004,36019,36985,12116,8594,18097,20314,13883,35550,27287,6901,3266
Huizen,GM0406,41273,19949,21324,6462,4553,8217,12619,9422,17786,17538,3743,2206
Landsmeer,GM0415,11488,5518,5970,1961,1241,2395,3480,2411,5325,4785,783,595
Langedijk,GM0416,27992,13917,14075,4663,3413,6083,8143,5690,12672,12125,1945,1250
Laren,GM0417,11197,5293,5904,1725,1045,1674,3252,3501,4489,4666,1075,967
Medemblik,GM0420,44809,22778,22031,7350,5296,9682,13273,9208,20485,19041,3098,2185
Oostzaan,GM0431,9757,4790,4967,1559,1166,2056,3024,1952,4363,4228,668,498
Opmeer,GM0432,11779,5985,5794,1828,1530,2605,3356,2460,5515,4996,641,627
Ouder-Amstel,GM0437,13916,6802,7114,2343,1656,2945,4119,2853,6973,5263,1010,670
Purmerend,GM0439,80117,39065,41052,11857,9515,18664,24304,15777,36897,31749,7246,4225
Schagen,GM0441,46553,23291,23262,7077,5421,9213,13674,11168,20572,19709,3642,2630
Texel,GM0448,13547,6726,6821,1801,1410,2664,4304,3368,5653,5881,1185,828
Uitgeest,GM0450,13528,6820,6708,2279,1732,3059,4057,2401,6349,5781,871,527
Uithoorn,GM0451,29424,14509,14915,4877,3501,6878,8730,5438,13784,11744,2383,1513
Velsen,GM0453,68348,33912,34436,10404,8357,15006,20865,13716,31214,27279,6033,3822
Weesp,GM0457,19334,9415,9919,3172,1880,4849,5542,3891,9301,7425,1582,1026
Zandvoort,GM0473,17011,8214,8797,2265,1570,3504,5258,4414,7790,6152,1992,1077
Zaanstad,GM0479,155885,77195,78690,25902,18047,39931,43761,28244,75918,58463,14181,7323
Alblasserdam,GM0482,20069,9853,10216,3884,2475,4535,5215,3960,8732,8962,1257,1118
Alphen aan den Rijn,GM0484,110986,55283,55703,18462,13105,27163,31424,20832,51537,46212,8210,5027
Barendrecht,GM0489,48673,23999,24674,8939,6218,10441,14727,8348,22019,21367,3231,2056
Drechterland,GM0498,19597,9919,9678,3178,2373,4211,5677,4158,8782,8706,1209,900
Brielle,GM0501,17182,8437,8745,2380,1894,3775,5295,3838,7021,7668,1488,1005
Capelle aan den IJssel,GM0502,66818,32271,34547,10873,7494,16088,18971,13392,31854,25262,6236,3466
Delft,GM0503,103163,54831,48332,12672,20622,29836,23825,16208,61301,29919,7851,4092
Dordrecht,GM0505,118654,58671,59983,18668,13970,29881,33653,22482,56044,45864,10638,6108
Gorinchem,GM0512,36682,18170,18512,5999,4384,9177,10450,6672,17137,14433,3273,1839
Gouda,GM0513,73181,35902,37279,12190,8735,18280,20170,13806,34876,28714,6095,3496
's-Gravenhage,GM0518,537833,266778,271055,92532,66099,162025,139157,78020,304766,162020,51430,19617
Hardinxveld-Giessendam,GM0523,18051,9014,9037,3493,2314,4314,4575,3355,7667,8675,772,937
Hellevoetsluis,GM0530,40049,19819,20230,6177,4258,9170,12058,8386,16533,17717,3775,2024
Hendrik-Ido-Ambacht,GM0531,30966,15213,15753,6411,3502,7828,8073,5152,13705,14123,1770,1368
Stede Broec,GM0532,21706,10912,10794,3576,2625,4849,6003,4653,9378,9751,1508,1069
Hillegom,GM0534,21966,10892,11074,3469,2321,5212,6438,4526,9927,9022,1797,1220
Katwijk,GM0537,65302,32425,32877,12214,8084,16180,17337,11487,29129,29439,3613,3121
Krimpen aan den IJssel,GM0542,29376,14179,15197,5062,3536,5958,7783,7037,12253,13393,1880,1850
Leiden,GM0546,124899,60495,64404,16426,22530,36862,30207,18874,74658,36920,8791,4530
Leiderdorp,GM0547,27109,13120,13989,4333,3059,5620,8004,6093,12085,11420,2068,1536
Lisse,GM0553,22800,11215,11585,3562,2495,5033,6602,5108,9862,9854,1739,1345
Maassluis,GM0556,32768,16077,16691,5178,3517,7787,8785,7501,14162,14107,2631,1868
Nieuwkoop,GM0569,28625,14474,14151,4496,3388,6290,8659,5792,13011,12670,1647,1297
Noordwijk,GM0575,42859,21526,21333,6383,4788,9646,12761,9281,20010,17087,3535,2227
Oegstgeest,GM0579,24426,11765,12661,4417,2686,5392,6986,4945,11364,10028,1789,1245
Oudewater,GM0589,10201,5018,5183,1728,1264,2197,2947,2065,4823,4190,621,567
Papendrecht,GM0590,32290,15898,16392,5219,3762,7289,8946,7074,13387,14564,2551,1788
Ridderkerk,GM0597,46241,22412,23829,6940,4998,10121,12954,11228,19159,20602,3399,3081
Rotterdam,GM0599,644618,317935,326683,103680,86037,197424,159008,98469,367279,187835,62703,26801
Rijswijk,GM0603,53467,25632,27835,8735,4795,14425,13753,11759,25755,19450,5088,3174
Schiedam,GM0606,77999,38675,39324,12406,9306,21192,21573,13522,39433,27620,6975,3971
Sliedrecht,GM0610,25026,12344,12682,4543,2942,6148,6407,4986,11062,10995,1539,1430
Albrandswaard,GM0613,25271,12518,12753,4568,2788,5718,7861,4336,11398,10930,1838,1105
Westvoorne,GM0614,14626,7258,7368,1918,1478,2615,4782,3833,5430,7073,1096,1027
Vlaardingen,GM0622,72404,35278,37126,11566,7957,18040,19435,15406,33553,27862,6591,4398
Voorschoten,GM0626,25479,12282,13197,4504,2656,5283,7135,5901,11485,10659,1895,1440
Waddinxveen,GM0627,28316,14058,14258,4997,3247,6978,7507,5587,12297,12862,1816,1341
Wassenaar,GM0629,26211,12405,13806,4433,2936,4290,7843,6709,11133,11343,2038,1697
Woerden,GM0632,52199,25804,26395,9374,6261,12060,14810,9694,24968,21386,3449,2396
Zoetermeer,GM0637,124944,60983,63961,21090,14458,30807,35417,23172,58793,48832,11974,5345
Zoeterwoude,GM0638,8450,4203,4247,1272,1028,1739,2677,1734,3874,3657,492,427
Zwijndrecht,GM0642,44639,21656,22983,7269,4934,10486,11917,10033,19159,19003,3717,2760
Borsele,GM0654,22800,11557,11243,3892,2672,4899,6749,4588,9671,10438,1582,1109
Goes,GM0664,37653,18448,19205,5433,4210,8270,10894,8846,16163,15899,3358,2233
West Maas en Waal,GM0668,19076,9554,9522,2749,2153,3962,6245,3967,8157,8547,1305,1067
Hulst,GM0677,27524,13792,13732,3658,2622,5572,8874,6798,11018,12524,2255,1727
Kapelle,GM0678,12785,6391,6394,2303,1485,2765,3610,2622,5206,6155,810,614
Middelburg,GM0687,48544,23539,25005,7693,5826,10970,13349,10706,21832,19921,4184,2607
Reimerswaal,GM0703,22678,11404,11274,4730,2953,5570,5604,3821,10399,10055,1185,1039
Terneuzen,GM0715,54589,27141,27448,7727,5575,11632,16082,13573,21959,24048,4984,3598
Tholen,GM0716,25780,12883,12897,4743,3282,5805,7087,4863,10981,11830,1617,1352
Veere,GM0717,21835,10893,10942,3269,2409,3972,6418,5767,8328,10934,1264,1309
Vlissingen,GM0718,44371,22088,22283,6384,5057,10156,12442,10332,19778,17266,4534,2793
De Ronde Venen,GM0736,44059,21823,22236,6893,5204,9064,13928,8970,19891,18738,3236,2194
Tytsjerksteradiel,GM0737,31780,15900,15880,5219,3604,6485,9137,7335,13751,14155,1988,1886
Asten,GM0743,16710,8592,8118,2520,1994,3562,4948,3686,7380,7432,962,936
Baarle-Nassau,GM0744,6847,3477,3370,928,625,1434,2033,1827,2792,3060,535,460
Bergen op Zoom,GM0748,66811,33152,33659,9986,7453,15131,19999,14242,28383,28539,6060,3829
Best,GM0753,29821,14927,14894,4673,3758,6484,9267,5639,13206,13136,2111,1368
Boekel,GM0755,10588,5402,5186,1738,1382,2388,3099,1981,5029,4518,534,507
Boxmeer,GM0756,29065,14573,14492,4117,3512,5751,9133,6552,12753,12851,1868,1593
Boxtel,GM0757,30747,15294,15453,4797,3583,6881,8820,6666,13728,13021,2264,1734
Breda,GM0758,183873,90536,93337,28676,25408,47953,48269,33567,97184,63170,14595,8924
Deurne,GM0762,32362,16302,16060,4963,3877,6951,9740,6831,14340,14107,2051,1864
Pekela,GM0765,12214,6170,6044,1802,1369,2616,3673,2754,5163,5163,1082,806
Dongen,GM0766,26051,13029,13022,3968,2989,5876,7752,5466,11067,11609,1889,1486
Eersel,GM0770,19110,9674,9436,2849,2142,4038,5847,4234,8291,8603,1179,1037
Eindhoven,GM0772,231642,119157,112485,33003,32174,71194,56630,38641,126407,75403,19642,10190
Etten-Leur,GM0777,43774,21577,22197,7320,4746,10406,12458,8844,19106,18867,3571,2230
Geertruidenberg,GM0779,21515,10675,10840,3441,2265,4969,6355,4485,9280,9369,1625,1241
Gilze en Rijen,GM0784,26431,13192,13239,4194,3038,5943,7805,5451,11306,11805,1968,1352
Goirle,GM0785,23793,11831,11962,4026,2380,5108,6882,5397,10104,10720,1678,1291
Grave,GM0786,12483,6339,6144,1853,1436,2635,3789,2770,5544,5246,966,727
Haaren,GM0788,14195,7201,6994,1971,1716,2727,4562,3219,6241,6372,864,718
Helmond,GM0794,91524,46222,45302,15287,11000,22835,26701,15701,42867,36065,8361,4231
's-Hertogenbosch,GM0796,154205,76201,78004,23942,18123,41153,43495,27492,78098,55615,13189,7303
Heusden,GM0797,44135,22139,21996,6882,5136,9786,13335,8996,19054,19783,3072,2226
Hilvarenbeek,GM0798,15334,7705,7629,2309,1764,3042,4810,3409,6575,7075,845,839
Loon op Zand,GM0809,23327,11596,11731,3431,2585,5079,7062,5170,10045,10261,1611,1410
Mill en Sint Hubert,GM0815,10891,5574,5317,1567,1278,2180,3546,2320,4702,4969,608,612
"Nuenen, Gerwen en Nederwetten",GM0820,23186,11460,11726,3490,2434,4387,6960,5915,9325,10800,1773,1288
Oirschot,GM0823,18623,9370,9253,2725,2244,3724,6004,3926,8141,8330,1118,1034
Oisterwijk,GM0824,26140,12863,13277,3877,2951,5215,7874,6223,11327,11189,1935,1689
Oosterhout,GM0826,55616,27439,28177,8484,6136,12293,16414,12289,23566,24162,4747,3141
Oss,GM0828,91451,45891,45560,13993,11112,21325,27014,18007,41336,38191,7099,4825
Rucphen,GM0840,22572,11380,11192,2878,2299,4705,7671,5019,8403,10976,1588,1605
Sint-Michielsgestel,GM0845,28991,14561,14430,4737,3295,5930,8826,6203,12624,13069,1678,1620
Someren,GM0847,19322,9870,9452,2793,2354,4424,5953,3798,8476,8738,1039,1069
Son en Breugel,GM0848,16904,8325,8579,2864,1840,3580,4746,3874,7288,7394,1190,1032
Steenbergen,GM0851,25054,12845,12209,3368,2971,5886,7615,5214,11169,10585,1797,1503
Waterland,GM0852,17315,8525,8790,2772,1807,3212,5325,4199,7547,7726,1091,951
Tilburg,GM0855,217259,108283,108976,32238,33373,59296,55948,36404,116960,72973,17437,9889
Uden,GM0856,41782,20715,21067,6530,4827,9792,11804,8829,19265,16870,3384,2263
Valkenswaard,GM0858,30910,15294,15616,4167,3292,6457,9205,7789,12795,13364,2733,2018
Veldhoven,GM0861,45337,22652,22685,6935,4901,10477,13408,9616,19619,19837,3470,2411
Vught,GM0865,26396,13167,13229,4569,2694,5845,7814,5474,12382,10433,2036,1545
Waalre,GM0866,17247,8543,8704,2871,1764,3477,4991,4144,7348,7575,1277,1047
Waalwijk,GM0867,48240,24042,24198,7400,5257,11762,13685,10136,21175,20600,3778,2687
Woensdrecht,GM0873,21866,10988,10878,3020,2351,4484,6736,5275,8542,10365,1634,1325
Zundert,GM0879,21612,11043,10569,2858,2443,4660,6920,4731,9435,9646,1238,1293
Wormerland,GM0880,16329,8097,8232,2344,2030,3176,5040,3739,7208,6986,1199,936
Landgraaf,GM0882,37591,18538,19053,4764,3624,7825,12088,9290,14738,16484,3729,2640
Beek,GM0888,15929,7774,8155,1913,1643,3281,5017,4075,6179,7375,1299,1076
Beesel,GM0889,13519,6807,6712,1926,1522,2780,4175,3116,5485,6277,952,805
Bergen (L.),GM0893,13140,6575,6565,1753,1462,2515,4345,3065,5421,5957,898,864
Brunssum,GM0899,28103,13806,14297,3598,2789,5961,8945,6810,11239,11718,3007,2139
Gennep,GM0907,17071,8708,8363,2557,1800,3433,5364,3917,7733,7225,1160,953
Heerlen,GM0917,86832,43082,43750,11081,9075,20584,26309,19783,39446,31294,10302,5790
Kerkrade,GM0928,45642,22854,22788,5603,4077,9861,14546,11555,17983,19057,5069,3533
Maastricht,GM0935,121565,58219,63346,12790,23204,28687,30981,25903,64138,40028,10632,6767
Meerssen,GM0938,18923,9314,9609,2480,1914,3469,6054,5006,7401,8840,1378,1304
Mook en Middelaar,GM0944,7806,3881,3925,996,867,1225,2638,2080,3172,3607,570,457
Nederweert,GM0946,17001,8598,8403,2333,1925,3567,5297,3879,6988,8019,977,1017
Roermond,GM0957,58209,28740,29469,8497,6163,14532,16915,12102,27280,21718,5798,3413
Simpelveld,GM0965,10516,5231,5285,1384,1003,2111,3322,2696,3940,5014,819,743
Stein,GM0971,24961,12370,12591,3005,2451,4933,7923,6649,9322,11917,1958,1764
Vaals,GM0981,10092,5203,4889,1019,1293,1822,3184,2774,4060,4340,975,717
Venlo,GM0983,101603,50626,50977,14749,11493,23876,29719,21766,45561,41135,9063,5844
Venray,GM0984,43326,22033,21293,6373,5186,9625,13046,9096,19400,18529,3142,2255
Voerendaal,GM0986,12452,6139,6313,1707,1177,2357,3902,3309,4696,5986,933,837
Weert,GM0988,49842,24956,24886,7015,5572,11042,14694,11519,21626,21165,3952,3099
Valkenburg aan de Geul,GM0994,16470,8116,8354,1820,1620,3093,5201,4736,6471,7206,1491,1302
Lelystad,GM0995,77893,39048,38845,14144,9163,19756,21290,13540,38086,29123,7648,3036
Horst aan de Maas,GM1507,42291,21341,20950,6117,5033,9063,13112,8966,18826,18682,2380,2403
Oude IJsselstreek,GM1509,39473,19851,19622,5717,4632,7689,12243,9192,16812,17493,2549,2619
Teylingen,GM1525,37061,18483,18578,6106,4519,8108,11272,7056,16769,15994,2522,1776
Utrechtse Heuvelrug,GM1581,49515,24206,25309,7897,5581,9096,14906,12035,21693,21077,3617,3128
Oost Gelre,GM1586,29704,15065,14639,4506,3665,6062,9048,6423,13767,12594,1526,1817
Koggenland,GM1598,22738,11478,11260,3753,2888,4788,6753,4556,10551,9704,1324,1159
Lansingerland,GM1621,61601,30499,31102,13228,7076,14690,17323,9284,29242,26384,3714,2261
Leudal,GM1640,35681,18042,17639,4591,4091,6969,11415,8615,14793,16348,2253,2287
Maasgouw,GM1641,23716,11953,11763,2795,2402,4579,7793,6147,9657,10667,1802,1590
Gemert-Bakel,GM1652,30447,15416,15031,4941,3457,7190,9008,5851,13923,13092,1868,1564
Halderberge,GM1655,30194,15060,15134,4357,3252,6394,9202,6989,12189,14047,2081,1877
Heeze-Leende,GM1658,15964,8059,7905,2265,1768,3146,4965,3820,6780,7308,909,967
Laarbeek,GM1659,22333,11298,11035,3408,2566,4778,6706,4875,9603,10085,1412,1233
Reusel-De Mierden,GM1667,13060,6714,6346,2178,1374,3119,3844,2545,5744,5936,696,684
Roerdalen,GM1669,20615,10300,10315,2591,1966,4047,6595,5416,8059,9497,1647,1412
Roosendaal,GM1674,77032,38200,38832,11554,8987,17331,22817,16343,33479,32380,6737,4436
Schouwen-Duiveland,GM1676,33779,16725,17054,4692,3490,6379,10148,9070,12633,16134,2784,2228
Aa en Hunze,GM1680,25386,12659,12727,3462,2610,4347,8354,6613,10096,11825,1844,1621
Borger-Odoorn,GM1681,25372,12703,12669,3548,2687,4658,8297,6182,9965,12004,1844,1559
Cuijk,GM1684,24931,12413,12518,3751,2950,5423,7532,5275,11160,10585,1846,1340
Landerd,GM1685,15529,7929,7600,2433,1913,3166,4691,3326,7150,6705,827,847
De Wolden,GM1690,24110,12031,12079,3590,2847,4461,7534,5678,9996,11071,1497,1546
Noord-Beveland,GM1695,7308,3669,3639,900,671,1404,2307,2026,2747,3380,716,465
Wijdemeren,GM1696,24013,11744,12269,3684,2537,4420,7660,5712,10378,10287,1964,1384
Noordenveld,GM1699,31290,15544,15746,4634,3074,5731,9511,8340,12849,14090,2353,1998
Twenterand,GM1700,33792,17161,16631,6203,4247,7488,9555,6299,14671,15514,1672,1935
Westerveld,GM1701,19348,9628,9720,2526,1920,3296,6228,5378,7512,9044,1426,1366
Sint Anthonis,GM1702,11606,6006,5600,1684,1457,2244,3743,2478,5194,5224,548,640
Lingewaard,GM1705,46475,23041,23434,7546,5309,9728,14140,9752,20253,20573,3183,2466
Cranendonck,GM1706,20440,10281,10159,2936,2214,4216,6212,4862,8481,9302,1470,1187
Steenwijkerland,GM1708,43940,22138,21802,6938,5054,9279,13021,9648,18799,19435,3161,2545
Moerdijk,GM1709,36961,18535,18426,5599,4049,7882,11474,7957,15456,16508,2725,2272
Echt-Susteren,GM1711,31638,15868,15770,3902,3060,6376,10329,7971,12752,14108,2618,2160
Sluis,GM1714,23386,11572,11814,2953,2130,4598,7120,6585,9071,10579,2011,1725
Drimmelen,GM1719,27150,13590,13560,3850,3031,5724,8519,6026,11382,12527,1737,1504
Bernheze,GM1721,30806,15529,15277,4900,3902,6613,9058,6333,13760,13716,1644,1686
Alphen-Chaam,GM1723,10149,5194,4955,1509,1158,1990,3206,2286,4247,4818,580,504
Bergeijk,GM1724,18491,9440,9051,2706,2240,3845,5637,4063,7844,8527,1136,984
Bladel,GM1728,20175,10227,9948,3090,2361,4429,5970,4325,8953,8847,1263,1112
Gulpen-Wittem,GM1729,14246,7218,7028,1579,1330,2656,4731,3950,5289,6885,1053,1019
Tynaarlo,GM1730,33698,16553,17145,5775,3184,6326,10364,8049,14685,14414,2499,2100
Midden-Drenthe,GM1731,33178,16556,16622,4862,3805,6384,10425,7702,13853,15120,2208,1997
Overbetuwe,GM1734,47543,23638,23905,8270,5624,10208,14300,9141,20996,20963,3389,2195
Hof van Twente,GM1735,34940,17390,17550,5170,4052,6641,10380,8697,14652,15761,2033,2494
Neder-Betuwe,GM1740,24026,12119,11907,4994,3410,5384,6183,4055,10762,10974,1136,1154
Rijssen-Holten,GM1742,38300,19084,19216,7710,4988,8855,9667,7080,16642,18177,1448,2033
Geldrop-Mierlo,GM1771,39595,19642,19953,6156,4367,8974,11493,8605,17414,16834,3099,2248
Olst-Wijhe,GM1773,18071,9145,8926,2789,2133,3573,5718,3858,7779,8173,1124,995
Dinkelland,GM1774,26350,13432,12918,4008,3552,5217,7863,5710,11748,11978,1076,1548
Westland,GM1783,108603,54216,54387,17969,13254,26211,30341,20828,50351,46720,6530,5002
Midden-Delfland,GM1842,19391,9717,9674,3360,2479,4092,5892,3568,8686,8829,1022,854
Berkelland,GM1859,43904,21991,21913,6386,4982,8207,13523,10806,18552,20062,2318,2972
Bronckhorst,GM1876,36212,18054,18158,4941,4184,5971,11933,9183,15033,16624,2088,2467
Sittard-Geleen,GM1883,92661,45685,46976,11664,9880,20501,28728,21888,39693,37504,9242,6222
Kaag en Braassem,GM1884,26866,13614,13252,4186,3083,5817,8266,5514,11964,11851,1732,1319
Dantumadiel,GM1891,18923,9515,9408,3138,2276,3949,5433,4127,8136,8642,1016,1129
Zuidplas,GM1892,42762,21204,21558,7637,5092,9689,12532,7812,18763,19254,2855,1890
Peel en Maas,GM1894,43311,21997,21314,6262,4851,9339,13336,9523,18904,19630,2395,2382
Oldambt,GM1895,38129,18980,19149,5264,4082,7656,11880,9247,15795,16113,3549,2672
Zwartewaterland,GM1896,22503,11449,11054,4604,3115,5343,5625,3816,9766,10916,890,931
Súdwest-Fryslân,GM1900,89710,45109,44601,14654,10365,18457,26394,19840,41090,36945,6710,4965
Bodegraven-Reeuwijk,GM1901,34463,17228,17235,6103,4195,7667,9652,6846,15332,15408,2082,1641
Eijsden-Margraten,GM1903,25658,12843,12815,3508,2774,5158,7871,6347,10147,12411,1606,1494
Stichtse Vecht,GM1904,64336,31461,32875,11014,6908,14153,19291,12970,29405,26694,5009,3228
Hollands Kroon,GM1911,47815,24257,23558,7538,5761,10265,14448,9803,21017,21110,3316,2372
Leidschendam-Voorburg,GM1916,75425,36326,39099,12188,7164,18104,20712,17257,35546,28745,6833,4301
Goeree-Overflakkee,GM1924,49611,24506,25105,7964,5675,10734,14549,10689,19610,23974,3147,2880
Pijnacker-Nootdorp,GM1926,54331,27017,27314,10948,6823,12566,16025,7969,26241,22844,3275,1971
Nissewaard,GM1930,84797,41470,43327,13101,9604,20549,25030,16513,37581,35190,7663,4363
Krimpenerwaard,GM1931,56048,27788,28260,9336,7086,12169,15776,11681,24099,25769,3272,2908
De Fryske Marren,GM1940,51430,25860,25570,8247,5827,10444,15190,11722,22623,22324,3469,3014
Gooise Meren,GM1942,57715,27870,29845,10852,6030,11852,16715,12266,28019,21592,4908,3196
Berg en Dal,GM1945,34798,17324,17474,4668,3874,6785,11000,8471,15100,14848,2484,2366
Meierijstad,GM1948,80815,40573,40242,12637,9466,18338,23973,16401,36212,34904,5524,4175
Waadhoeke,GM1949,46039,23359,22680,7329,5341,9620,13852,9897,20767,19564,3261,2447
Westerwolde,GM1950,25199,12605,12594,3515,2544,4649,7913,6578,9901,11381,2053,1864
Midden-Groningen,GM1952,60899,30563,30336,9028,6827,12828,18968,13248,27000,25085,5146,3668
Beekdaelen,GM1954,35727,17785,17942,4601,3570,7048,11278,9230,13775,16889,2632,2431
Montferland,GM1955,36026,18012,18014,4906,4200,7075,11516,8329,14905,16372,2371,2378
Altena,GM1959,55386,27876,27510,9833,6774,12372,15658,10749,23531,26124,2920,2811
West Betuwe,GM1960,50697,25322,25375,8774,6225,10847,15240,9611,22062,23199,2995,2441
Vijfheerenlanden,GM1961,55712,27566,28146,9595,6757,12937,15323,11100,24573,24685,3431,3023
Hoeksche Waard,GM1963,86656,42894,43762,13667,9639,18266,25916,19168,34981,40921,6022,4732
Het Hogeland,GM1966,47888,24066,23822,7437,5410,9514,14516,11011,20819,20727,3565,2777
Westerkwartier,GM1969,63031,31691,31340,10868,7341,13331,18709,12782,28469,27389,3955,3218
Noardeast-Fryslân,GM1970,45181,22791,22390,7752,5301,9616,13091,9421,20563,19123,2959,2536
Molenlanden,GM1978,43858,22226,21632,8220,6120,9391,12006,8121,18908,20864,2055,2031
